model,fit_time,score_time,test_f1_weighted,train_f1_weighted,test_precision_weighted,train_precision_weighted
Logistic Regression,6.3410077571868895,0.009268426895141601,0.9394353293330612,0.9564315376216973,0.939618091967841,0.9560414352620233
Ridge Classifier,6.231900930404663,0.008920240402221679,0.9366821848008268,0.9427835228458663,0.9359006494099994,0.9420678958212921
Random Forest,6.384472322463989,0.022562456130981446,0.9341462938242238,1.0,0.93453160151501,1.0
Gradient Boost,7.528356122970581,0.010465145111083984,0.9396693171134423,0.9926637998663239,0.9398956240160332,0.9927217838416478
