model,fit_time,score_time,test_f1_weighted,train_f1_weighted,test_precision_weighted,train_precision_weighted
Logistic Regression,4.4085619926452635,0.009209394454956055,0.9382066504528577,0.9533676703109387,0.9386726043736686,0.9528798284700098
Ridge Classifier,4.416818141937256,0.009010648727416993,0.9364552881740764,0.9409356845014907,0.9358993808995535,0.9402202218902131
Random Forest,4.438210582733154,0.02155756950378418,0.9358634884356588,1.0,0.9365491298405437,1.0
Gradient Boost,5.042771625518799,0.009629487991333008,0.9371771609273596,0.9908608229791886,0.9378564383817929,0.9909291411514654
