model,fit_time,score_time,test_f1_weighted,train_f1_weighted,test_precision_weighted,train_precision_weighted
Logistic Regression,5.893169641494751,0.023040199279785158,0.9344025763552747,0.9549826827572488,0.9348598665899207,0.9545197915452241
Ridge Classifier,5.782581806182861,0.014602231979370116,0.9302295726602056,0.9367274755207022,0.9299725854120375,0.9369415952931824
Random Forest,6.02125735282898,0.03930144309997559,0.9339306393056125,1.0,0.9339024053479621,1.0
Gradient Boost,6.303983974456787,0.013418054580688477,0.9393407705829084,0.9872745480253833,0.9389374772348162,0.9873310617764117
