model,fit_time,score_time,test_f1_weighted,train_f1_weighted,test_precision_weighted,train_precision_weighted
Logistic Regression,2.8301930904388426,0.01140751838684082,0.9358348972421645,0.9596596927163388,0.9361749631975875,0.9592739299220568
Ridge Classifier,2.8283039569854735,0.010731840133666992,0.9249036887699796,0.9344309164594262,0.9246509730919341,0.9349741636739413
Random Forest,2.8175171852111816,0.027329444885253906,0.9376253013153999,1.0,0.9378419721161843,1.0
Gradient Boost,3.6626940727233888,0.01324777603149414,0.9365057019073824,0.9913657791546872,0.9364479877747991,0.991396761368644
