model,fit_time,score_time,test_f1_weighted,train_f1_weighted,test_precision_weighted,train_precision_weighted
Logistic Regression,2.7261473655700685,0.009224748611450196,0.938986978115451,0.961340277185346,0.9395326724525337,0.961020266017831
Ridge Classifier,2.8192819595336913,0.011144161224365234,0.9404177073706084,0.9477739251895718,0.9402373340399321,0.9472876261104826
Random Forest,2.88976936340332,0.02530388832092285,0.942025181560451,1.0,0.9421881997746843,1.0
Gradient Boost,3.711805057525635,0.010442113876342774,0.9382698958735445,0.992914261826451,0.9380851446305686,0.9929486264501929
