model,fit_time,score_time,test_f1_weighted,train_f1_weighted,test_precision_weighted,train_precision_weighted
Logistic Regression,1.0422057151794433,0.008959674835205078,0.9411873493924101,0.9528434039497882,0.9416654423180768,0.9523605572864259
Ridge Classifier,1.065431833267212,0.009647560119628907,0.9418203576945074,0.9463626100939443,0.9416314111837201,0.9458100696121171
Random Forest,1.0696916103363037,0.02115488052368164,0.9386991330590243,1.0,0.9382845087837562,1.0
Gradient Boost,1.415660572052002,0.009443521499633789,0.9375794731726804,0.9884208044356111,0.9377349143334568,0.9884277653275808
