model,fit_time,score_time,test_f1_weighted,train_f1_weighted,test_precision_weighted,train_precision_weighted
Logistic Regression,2.4841712474823,0.008754920959472657,0.9335449572457961,0.9563346585033811,0.9334946046397254,0.9559816951053431
Ridge Classifier,2.514459323883057,0.009946775436401368,0.9349888916325444,0.9410014931081772,0.9343102540373257,0.9402410379940583
Random Forest,2.5989648342132567,0.023843860626220702,0.9384805163639408,1.0,0.9389649300796966,1.0
Gradient Boost,3.214001703262329,0.0098052978515625,0.9341770482459182,0.9899002731592008,0.934020430449287,0.9899791662974021
