model,fit_time,score_time,test_f1_weighted,train_f1_weighted,test_precision_weighted,train_precision_weighted
Logistic Regression,15.670338344573974,0.0074539661407470705,0.9438312699909993,0.9470974061915122,0.9436767517972653,0.9463784298398696
Ridge Classifier,15.675218963623047,0.00800943374633789,0.94268195013043,0.9465224669952832,0.9422384595206823,0.9460800085568117
Random Forest,15.762048578262329,0.01910572052001953,0.9422751518223242,0.9966883323346412,0.9418498443223872,0.9967253155189091
Gradient Boost,16.32994818687439,0.009244632720947266,0.9361033649505165,0.979621546498705,0.9360632704904734,0.9798089999218871
