model,fit_time,score_time,test_f1_weighted,train_f1_weighted,test_precision_weighted,train_precision_weighted
Logistic Regression,3.9158772468566894,0.011621427536010743,0.9335680507070039,0.9552036525343418,0.9337188205704358,0.9547149700606175
Ridge Classifier,3.910834789276123,0.011022233963012695,0.9261575206809953,0.9332294723341125,0.9258026652143425,0.9337239810285695
Random Forest,4.060208177566528,0.02832183837890625,0.9416637335707655,1.0,0.9414740481521043,1.0
Gradient Boost,4.8175147533416744,0.011490297317504884,0.9367939531195439,0.9903656059845579,0.9364823053087665,0.9905028326355751
