model,fit_time,score_time,test_f1_weighted,train_f1_weighted,test_precision_weighted,train_precision_weighted
Logistic Regression,0.928334093093872,0.0073734760284423825,0.9365147269268492,0.9439212212697908,0.9360986893900559,0.9430962758617951
Ridge Classifier,0.9427302360534668,0.007078123092651367,0.9366822218440817,0.940751651277755,0.9366595676811202,0.9400944079511786
Random Forest,0.9616586208343506,0.020940160751342772,0.9377446966082525,0.9900774758209552,0.9373198707989718,0.9901008393789958
Gradient Boost,1.3007125854492188,0.007599830627441406,0.9403783907692164,0.9691536302376663,0.9409313410417708,0.9691755823353854
