model,fit_time,score_time,test_f1_weighted,train_f1_weighted,test_precision_weighted,train_precision_weighted
Logistic Regression,2.831142520904541,0.011161088943481445,0.9347044965187248,0.9575698018327141,0.9345076379749516,0.9572117383621201
Ridge Classifier,2.9059869766235353,0.009594392776489259,0.9351310678345541,0.9420048767504042,0.9343533790194328,0.9411662831703591
Random Forest,3.25388240814209,0.024371576309204102,0.9371599840282083,1.0,0.9374312979175412,1.0
Gradient Boost,3.630964517593384,0.010625171661376952,0.9361340271723361,0.9913545447152847,0.935942132031333,0.9914145066075608
