model,fit_time,score_time,test_f1_weighted,train_f1_weighted,test_precision_weighted,train_precision_weighted
Logistic Regression,3.402260684967041,0.009130477905273438,0.9390645593739759,0.9592187308411448,0.9396316681361248,0.9589071240305062
Ridge Classifier,3.40925817489624,0.009021377563476563,0.9392635350669378,0.9474495376669321,0.9389385094265581,0.9469081023284746
Random Forest,3.456939220428467,0.02321028709411621,0.937640788593599,1.0,0.9375806343534766,1.0
Gradient Boost,4.388066244125366,0.010197639465332031,0.9364526234362657,0.9929046862314872,0.9360677478824485,0.9929446579736101
