model,fit_time,score_time,test_f1_weighted,train_f1_weighted,test_precision_weighted,train_precision_weighted
Logistic Regression,1.973679256439209,0.010406398773193359,0.9266551488444552,0.9315446957322002,0.9254801178756964,0.9320561291080731
Ridge Classifier,1.972569990158081,0.01058816909790039,0.9167753700741053,0.9230599343277373,0.9166393739651406,0.92689202237177
Random Forest,2.032122087478638,0.02829909324645996,0.9417186692570564,1.0,0.9415788561826481,1.0
Gradient Boost,2.2537077903747558,0.012554216384887695,0.9374480392688982,0.9885030172622068,0.9369667993831143,0.9885370208811688
