model,fit_time,score_time,test_f1_weighted,train_f1_weighted,test_precision_weighted,train_precision_weighted
Logistic Regression,9.070984411239625,0.028275346755981444,0.9313595820146773,0.949281533069027,0.9459151742049932,0.9607976632993142
Ridge Classifier,8.797977256774903,0.025942182540893553,0.924157642417442,0.9322368926967964,0.9442909374699449,0.9511079337586503
Random Forest,8.915938234329223,0.03906369209289551,0.9358374327604304,1.0,0.9411768386216293,1.0
Gradient Boost,11.01431040763855,0.028501367568969725,0.9390662380429944,0.9791398635574724,0.9432882352481711,0.9798222456109142
