model,fit_time,score_time,test_f1_weighted,train_f1_weighted,test_precision_weighted,train_precision_weighted
Logistic Regression,0.7265875339508057,0.007798528671264649,0.9429015035826923,0.9473181882485356,0.9427557260240139,0.9466166896362678
Ridge Classifier,0.7055431842803955,0.0074520111083984375,0.9430024931833939,0.9463150867466543,0.9426202438944278,0.9458792151935806
Random Forest,0.7638519763946533,0.021523475646972656,0.9423949053116175,0.9968117302065652,0.9423495030620984,0.9968430077593181
Gradient Boost,1.0924556255340576,0.008198118209838868,0.9407316755517,0.9785219464806134,0.9404583894503528,0.9787666903693071
