model,fit_time,score_time,test_f1_weighted,train_f1_weighted,test_precision_weighted,train_precision_weighted
Logistic Regression,0.08558168411254882,0.020757722854614257,0.9417180532491536,0.951170251887288,0.9412273188607898,0.9505941956485218
Ridge Classifier,0.052655363082885744,0.014231204986572266,0.9351888349587293,0.941268164613404,0.9343688145160872,0.9404814291591036
KNN,0.031531572341918945,0.021578264236450196,0.925226689502151,0.9487845600055458,0.9248400604017422,0.948668903958042
Decision Trees,0.034696435928344725,0.009566211700439453,0.9175493800044408,1.0,0.9182614994891732,1.0
Random Forest,0.16624560356140136,0.033594179153442386,0.9387838086663887,1.0,0.9380978528709335,1.0
SVM,0.06632542610168457,0.02090878486633301,0.9374200639729036,0.9458848076245847,0.9371259553614596,0.9451275592079524
AdaBoost,0.28336777687072756,0.015385866165161133,0.9336206274526937,0.9723101358541921,0.9346185807246163,0.9722884981883035
Bagging,0.07186803817749024,0.01841278076171875,0.9308071296049316,0.9974299677355247,0.9339107012596244,0.9974549967071755
Gradient Boost,0.38545970916748046,0.009395885467529296,0.9365316414764179,0.9875495772312789,0.9362366564587999,0.9875746046105283
