model,fit_time,score_time,test_f1_weighted,train_f1_weighted,test_precision_weighted,train_precision_weighted
Logistic Regression,0.1538694381713867,0.011838006973266601,0.9316758256399972,0.9573428598877951,0.9421743693323739,0.9659511489040422
Ridge Classifier,0.07655301094055175,0.017762231826782226,0.9242776139815758,0.9361474166375485,0.9430713942215181,0.9532172495123987
KNN,0.08143100738525391,0.02775750160217285,0.8532163638820023,0.8916621531117178,0.9130376274734212,0.9425535902728728
Decision Trees,0.22571063041687012,0.01374678611755371,0.8951535749592374,1.0,0.90071723194827,1.0
Random Forest,0.7560625553131104,0.03217792510986328,0.9284755154077665,1.0,0.9299444193269848,1.0
SVM,0.2677463531494141,0.06151666641235352,0.9201487860318643,0.9733279032525161,0.9239662219791202,0.9778820350725793
AdaBoost,2.386636257171631,0.031629753112792966,0.9244308033926334,0.9761233759833914,0.9267566657615557,0.9761739639912026
Bagging,0.8254034519195557,0.02330470085144043,0.906630370913512,0.995578786103833,0.9135855204632322,0.9956615697465102
Gradient Boost,5.205451583862304,0.030038166046142577,0.9336112655398237,0.9804247702610249,0.9350275939711296,0.980594938071145
