model,fit_time,score_time,test_f1,train_f1,test_precision,train_precision
lgr,0.09906468391418458,0.017769670486450194,0.7073148696478494,0.7517596214359811,0.7443329656095614,0.7994238610211319
knn,0.0317021369934082,0.053667449951171876,0.6304140550146511,0.7430602839916677,0.7043308080808081,0.8205230696387915
rf,0.167390775680542,0.030434942245483397,0.7065112614916981,1.0,0.7364724447356809,1.0
svm,0.05377459526062012,0.023001337051391603,0.7092194222623032,0.772889111432563,0.7592551892551892,0.8133473659390951
ada,0.28011503219604494,0.014918184280395508,0.6907789410704932,0.865801070192005,0.6856044458174049,0.8685403743395742
bag,0.06814618110656738,0.025250959396362304,0.6597154878781808,0.9899689979579804,0.6219690887193898,0.9845054247856803
gbc,0.3866713047027588,0.009722137451171875,0.6760851768778917,0.9391859056321341,0.7027888777888778,0.9614826828201833
