model,fit_time,score_time,test_f1_weighted,train_f1_weighted,test_precision_weighted,train_precision_weighted
Logistic Regression,0.09219183921813964,0.01550760269165039,0.941362649079489,0.948101027661686,0.9406163015125767,0.9474391906063222
Ridge Classifier,0.046289920806884766,0.014678287506103515,0.9354377283204911,0.9402738936530023,0.934939127435026,0.9394786030584361
KNN,0.03101820945739746,0.01960897445678711,0.9231011496949613,0.9522142521732224,0.9216378087143638,0.9518374069542782
Decision Trees,0.026792430877685548,0.007966184616088867,0.9220126782009528,1.0,0.9231944942698693,1.0
Random Forest,0.14443817138671874,0.031686019897460935,0.9372552975967441,1.0,0.9368478725521021,1.0
SVM,0.041863012313842776,0.017232418060302734,0.9403516885751868,0.9540248242118679,0.939636830103872,0.9535315217384527
AdaBoost,0.23850903511047364,0.014499855041503907,0.9351417854044761,0.968030791836734,0.9356599426783927,0.9679669681578188
Bagging,0.055983781814575195,0.014522838592529296,0.9301968840952174,0.996504132693666,0.9346656824882984,0.9965630138992425
Gradient Boost,0.27974767684936525,0.008383369445800782,0.9350743930337551,0.9813092695465429,0.9349525316765007,0.9813312843057023
