model,fit_time,score_time,test_f1,train_f1,test_precision,train_precision
Logistic Regression,0.07660412788391113,0.019590330123901368,,,,
Ridge Classifier,0.060183048248291016,0.0158998966217041,,,,
KNN,0.04269318580627442,0.023361968994140624,,,,
Decision Trees,0.0377079963684082,0.007683467864990234,,,,
Random Forest,0.17015633583068848,0.027527427673339842,,,,
SVM,0.056824016571044925,0.02225794792175293,,,,
AdaBoost,0.30097308158874514,0.01683363914489746,,,,
Bagging,0.07712154388427735,0.018928003311157227,,,,
Gradient Boost,0.4425950527191162,0.00906982421875,,,,
