model,fit_time,score_time,test_f1_weighted,train_f1_weighted,test_precision_weighted,train_precision_weighted
Logistic Regression,0.11510181427001953,0.01255660057067871,0.9348373067024293,0.9569280347267222,0.944465902900118,0.9656824973298896
MLPClassifier,0.901953125,0.01145639419555664,0.9338884396570869,1.0,0.9351775732974745,1.0
