model,fit_time,score_time,test_f1_weighted,train_f1_weighted,test_precision_weighted,train_precision_weighted
Logistic Regression,0.10590033531188965,0.010196876525878907,0.9344651915412227,0.9570534133436004,0.944311730229073,0.9659022707812145
Ridge Classifier,0.06869406700134277,0.009552526473999023,0.9309394515281217,0.9396610937102657,0.9470179497933048,0.955505897932994
KNN,0.04771356582641602,0.024204111099243163,0.9059804299525733,0.9284990100245503,0.9360080577561755,0.9543514115858407
Decision Trees,0.14866137504577637,0.010595273971557618,0.9147990238999073,1.0,0.9176210432708622,1.0
Random Forest,0.5209842681884765,0.030795907974243163,0.9388260571084212,1.0,0.9445469951964196,1.0
SVM,0.1505800247192383,0.04009256362915039,0.935022341420817,0.9731066752664453,0.9381659980964105,0.9777045471532239
AdaBoost,1.5867104053497314,0.017189216613769532,0.9294543418522722,0.9774762830341643,0.9317306974122793,0.9778042746485965
Bagging,0.5545877456665039,0.016552019119262695,0.9252316932136091,0.9948825503444899,0.932003932311169,0.9949950806871778
Gradient Boost,3.672256422042847,0.011227607727050781,0.9364197623855699,0.9816967524423525,0.9398238893076452,0.9824102491197921
