model,fit_time,score_time,test_f1_weighted,train_f1_weighted,test_precision_weighted,train_precision_weighted
Logistic Regression,0.05049686431884766,0.010769987106323242,0.9260111125626335,0.9427175517128845,0.9254194052107335,0.9421459672277728
Ridge Classifier,0.05537819862365723,0.011907386779785156,0.9024939334137171,0.9130116444251832,0.9081539543634826,0.9197214712330422
KNN,0.02977585792541504,0.05525221824645996,0.918179752300041,0.9428793462834694,0.9167721474817773,0.943980811170254
Decision Trees,0.0382194995880127,0.011314582824707032,0.9150106738378818,1.0,0.9157906763873302,1.0
Random Forest,0.17318191528320312,0.027959680557250975,0.9187062263628629,1.0,0.921447892016999,1.0
SVM,0.05588321685791016,0.021865367889404297,0.9285466871958604,0.9407060955176586,0.9279306105424912,0.941127406275369
AdaBoost,0.3030653476715088,0.01781597137451172,0.9313971486422968,0.9705135068059663,0.9314863469768404,0.9703350537888475
Bagging,0.08266878128051758,0.02107973098754883,0.9310927897632902,0.996381705923709,0.9308059496794694,0.9964132854874295
Gradient Boost,0.46320219039916993,0.010021448135375977,0.9363912911109186,0.9827947007621527,0.935471995859506,0.9828924430312206
