model,fit_time,score_time,test_f1,train_f1,test_precision,train_precision
lgr,0.049920177459716795,0.011309957504272461,0.7150570482807626,0.7509984964332322,0.7499840308535961,0.7992267809474011
knn,0.029624795913696288,0.03428983688354492,0.6082356002519816,0.7381910713865004,0.6919400438344881,0.8288506917918683
rf,0.15249390602111818,0.026144027709960938,0.7091713043322657,1.0,0.7500298469978484,1.0
svm,0.04902095794677734,0.019515085220336913,0.6874662732700666,0.7313100049871509,0.7609468234468235,0.7834931550093688
ada,0.286910343170166,0.015248632431030274,0.6922513035666323,0.8628013351745862,0.6958470212851948,0.8704965083515853
bag,0.06955451965332031,0.020015668869018555,0.6955238309014726,0.9871676871639004,0.6432175016213804,0.9822702437227576
gbc,0.3786459445953369,0.009866285324096679,0.6963361294154374,0.9363234772537827,0.7056886446886448,0.9581486916679154
