model,fit_time,score_time,test_f1_weighted,train_f1_weighted,test_precision_weighted,train_precision_weighted
Logistic Regression,0.08380913734436035,0.01807370185852051,0.9414732552798816,0.9492701596126244,0.9406869580583871,0.9486310618058967
Ridge Classifier,0.036514997482299805,0.010918426513671874,0.9349979761339562,0.9404139231270543,0.9343419058479739,0.9396261510659736
KNN,0.030717945098876952,0.01466069221496582,0.9312266930181569,0.9521572102398996,0.930128742856718,0.9516886839136219
Decision Trees,0.029341363906860353,0.0072841644287109375,0.923471566678824,1.0,0.925392721173993,1.0
Random Forest,0.14943838119506836,0.03107562065124512,0.943212897936381,1.0,0.9428139141770087,1.0
SVM,0.04480934143066406,0.020450067520141602,0.9422124341859284,0.9517601400943034,0.941680058892383,0.9511703919046474
AdaBoost,0.2560885429382324,0.015018129348754882,0.9364424319685408,0.970434354906651,0.936893136953513,0.9704215295258282
Bagging,0.05786595344543457,0.01660809516906738,0.9322957598386236,0.9964979469534914,0.9355990237166102,0.99653868009019
Gradient Boost,0.3332664489746094,0.007970714569091797,0.9342911197756205,0.9867002567858482,0.9344801057223616,0.9867656040610621
