model,fit_time,score_time,test_f1,train_f1,test_precision,train_precision
lgr,0.04928898811340332,0.010384845733642577,0.712320580653914,0.7525017227227402,0.7507060572277964,0.8040141938996394
knn,0.028324699401855467,0.036116170883178714,0.5931455076089222,0.7356706427011209,0.6656229175773768,0.8191656845974054
rf,0.14922127723693848,0.0257875919342041,0.6819816422461218,1.0,0.7806416069356921,1.0
svm,0.050159025192260745,0.022502803802490236,0.676974238921268,0.7124706624817259,0.7630336617405582,0.7790494502789892
ada,0.312633752822876,0.017610931396484376,0.6992867792085338,0.8464615041280187,0.7088721804511279,0.8558100566734396
bag,0.0704646110534668,0.01680302619934082,0.6999161323218476,0.9844777319597039,0.6493460285965209,0.9748291327279031
gbc,0.34982929229736326,0.011359786987304688,0.6820726234190128,0.9131484415379114,0.7063397957056494,0.9440052147186042
