model,fit_time,score_time,test_f1,train_f1,test_precision,train_precision
Logistic Regression,0.10624899864196777,0.022560501098632814,0.7149883308761054,0.7590762936029941,0.7441858328308497,0.8063062235608722
Ridge Classifier,0.04800181388854981,0.012511253356933594,0.6726328499804569,0.7038299628158293,0.7535825637343665,0.7839818471234766
KNN,0.034360837936401364,0.03079252243041992,0.619069336460641,0.7399193811198405,0.7136335497409666,0.8383375524151923
Decision Trees,0.04356884956359863,0.011958122253417969,0.6059890169709021,1.0,0.607615193960709,1.0
Random Forest,0.19422807693481445,0.03395400047302246,0.6972781904928306,1.0,0.7438309640140304,1.0
SVM,0.05077314376831055,0.020302820205688476,0.6854587373303541,0.7316482071942134,0.7628182407785082,0.784397563321684
AdaBoost,0.28290224075317383,0.015324783325195313,0.6841649454802743,0.8674274013007818,0.6840205666478202,0.870543672642552
Bagging,0.07386898994445801,0.017895603179931642,0.681979472672542,0.9877560346329805,0.6410745189860532,0.9812514879744378
Gradient Boost,0.3819249629974365,0.012150716781616212,0.6927732036528802,0.9396035680317668,0.7111337190970999,0.9635821681742358
