model,fit_time,score_time,test_f1_weighted,train_f1_weighted,test_precision_weighted,train_precision_weighted
Logistic Regression,0.09018926620483399,0.025252485275268556,0.9417189882212348,0.9508904698097103,0.940939993137339,0.9502938077595381
Ridge Classifier,0.05415158271789551,0.01091623306274414,0.9358498258411376,0.9407192229460029,0.9352203006669152,0.9398698186396091
KNN,0.04707489013671875,0.03680477142333984,0.9227872591722972,0.9444206793894047,0.9211969694216041,0.9440665046202286
Decision Trees,0.03307652473449707,0.009113264083862305,0.9136899633976778,1.0,0.9157700709325953,1.0
Random Forest,0.16608972549438478,0.03357844352722168,0.9395340363484834,1.0,0.9391908492045783,1.0
SVM,0.05331106185913086,0.020443820953369142,0.9368970850697174,0.9451225929447589,0.9363736962144366,0.9443470934923773
AdaBoost,0.2798802375793457,0.016379356384277344,0.9330577440340718,0.9725562736812318,0.9339449833828872,0.9725523148574471
Bagging,0.06535239219665527,0.01726083755493164,0.933250983755641,0.9974299643609836,0.9359039431695276,0.9974535354848604
Gradient Boost,0.37199859619140624,0.009304952621459962,0.9394131376131817,0.9866799382925537,0.9393389307521506,0.9867421597452942
