model,fit_time,score_time,test_f1,train_f1,test_precision,train_precision
lgr,0.12463812828063965,0.024549007415771484,0.7150570482807626,0.7509984964332322,0.7499840308535961,0.7992267809474011
knn,0.04553775787353516,0.06483645439147949,0.6082356002519816,0.7381910713865004,0.6919400438344881,0.8288506917918683
rf,0.28084821701049806,0.036658430099487306,0.7091713043322657,1.0,0.7500298469978484,1.0
svm,0.06635613441467285,0.02522120475769043,0.6874662732700666,0.7313100049871509,0.7609468234468235,0.7834931550093688
ada,0.2847614765167236,0.015222644805908203,0.6922513035666323,0.8628013351745862,0.6958470212851948,0.8704965083515853
bag,0.07895026206970215,0.018830108642578124,0.6955238309014726,0.9871676871639004,0.6432175016213804,0.9822702437227576
gbc,0.41756477355957033,0.014265489578247071,0.6963361294154374,0.9363234772537827,0.7056886446886448,0.9581486916679154
