model,train f1_weighted score,test f1_weighted score,mean fit time,mean_test_precision_weighted
rf,0.9307200702672793,0.934977357313915,1.4350675106048585,0.9436856421545965
gbc,0.9317876015408477,0.9342139432585083,3.0934653759002684,0.9454299373471869
