model,train f1_weighted score,test f1_weighted score,mean fit time,mean_test_precision_weighted
rf,0.9319339875495413,0.9319707586962732,1.2065162181854248,0.9445104432279399
gbc,0.9319711246086329,0.932131799048886,2.4040789127349855,0.9458763748113524
