model,train f1 score,test f1 score,mean fit time,mean_test_precision
rf,0.7056778679026652,0.717948717948718,2.328135108947754,0.5628279712965759
gbc,0.7350216182828907,0.7486238532110091,1.5075200557708741,0.6070936783657545
