model,train f1 score,test f1 score,mean fit time,mean_test_precision
lgr,0.506951871657754,0.554140127388535,0.6974669933319092,0.8588731569182697
ridge,0.3640718562874251,0.4236111111111112,16.221975803375244,0.8692810457516339
